,Logistic Regression,Random Forest,Gradient Boosting,K-Nearest Neighbors,Extreme Gradient Boosting
Random Undersampling,0.525,0.5875,0.6875,0.575,0.7375
Near-Miss,0.5,0.3875,0.4375,0.65,0.45
Random Oversampling,0.9049604237951931,0.9993438320209974,0.8937042228360198,0.7188732462107158,0.9028905745420566
SMOTE,0.891831911063473,0.9717933654889997,0.89436554396669,0.5825466188454191,0.867464374544805
SMOTETomek,0.8929539295392954,0.986449864498645,0.8983739837398375,0.5860433604336043,0.8807588075880759
